City_ID,City,Country,Lat,Lng,Max Temp,Humidity,Cloudiness,Wind Speed,Current Description
0,Astoria,US,46.19,-123.83,64.0,72,1,16.11,clear sky
1,Narsaq,GL,60.92,-46.05,42.8,81,8,3.36,clear sky
2,Pokrovsk,UA,48.28,37.18,58.89,54,36,3.42,scattered clouds
3,Grindavik,IS,63.84,-22.43,46.4,93,3,3.36,clear sky
4,Pemangkat,ID,1.17,108.97,84.18,69,85,2.77,overcast clouds
5,Bredasdorp,ZA,-34.53,20.04,55.4,93,100,1.12,overcast clouds
6,Sable-Sur-Sarthe,FR,47.84,-0.33,55.4,93,70,2.66,broken clouds
7,Hasaki,JP,35.73,140.83,89.01,66,40,13.87,scattered clouds
8,Itaituba,BR,-4.28,-55.98,75.45,57,0,1.01,clear sky
9,Matola,MZ,-25.96,32.46,59.0,100,0,8.05,clear sky
10,Albany,US,42.6,-73.97,70.0,91,41,1.97,light rain
11,Itoman,JP,26.12,127.67,80.6,88,75,38.03,shower rain
12,Muisne,EC,0.6,-80.03,72.99,85,100,9.64,overcast clouds
13,Mataura,NZ,-46.19,168.86,57.61,69,50,0.74,light rain
14,Nisia Floresta,BR,-6.09,-35.21,73.4,88,20,6.93,few clouds
15,Gorontalo,ID,0.54,123.06,88.14,55,68,7.38,broken clouds
16,Ribeira Grande,PT,38.52,-28.7,73.08,89,1,13.42,clear sky
17,Benicarlo,ES,40.42,0.43,73.45,52,25,4.94,scattered clouds
18,Hithadhoo,MV,-0.6,73.08,82.29,80,99,13.38,moderate rain
19,Taoudenni,ML,22.68,-3.98,94.86,11,0,3.85,clear sky
20,Thompson,CA,55.74,-97.86,53.6,100,90,6.93,light rain
21,Vaini,TO,-21.2,-175.2,80.6,78,20,11.41,few clouds
22,Wageningen,NL,51.97,5.67,61.0,82,90,9.17,overcast clouds
23,Castro,BR,-24.79,-50.01,48.2,91,53,13.49,broken clouds
24,Sirjan,IR,29.45,55.68,76.06,34,33,1.1,scattered clouds
25,Bambous Virieux,MU,-20.34,57.76,72.0,73,75,13.87,shower rain
26,New Norfolk,AU,-42.78,147.06,48.0,80,94,1.99,light rain
27,Dikson,RU,73.51,80.55,46.13,81,0,12.55,clear sky
28,Lasa,IT,46.62,10.7,53.6,93,5,5.82,clear sky
29,George,ZA,-33.96,22.46,55.4,100,75,9.17,broken clouds
30,Grand Gaube,MU,-20.01,57.66,72.0,71,38,8.01,scattered clouds
31,Rikitea,PF,-23.12,-134.97,71.26,83,12,18.32,light rain
32,Acapulco,MX,16.86,-99.89,79.95,80,58,4.45,moderate rain
33,Lerwick,GB,60.15,-1.15,48.2,87,66,4.7,light rain
34,Kapaa,US,22.08,-159.32,84.2,70,40,10.29,scattered clouds
35,Ushuaia,AR,-54.8,-68.3,32.0,91,40,5.82,scattered clouds
36,Yellowknife,CA,62.46,-114.35,55.4,71,20,3.36,few clouds
37,Port Alfred,ZA,-33.59,26.89,57.47,81,100,10.13,overcast clouds
38,Benjamin Constant,BR,-4.38,-70.03,68.0,100,90,0.18,overcast clouds
39,Lebu,CL,-37.62,-73.65,50.5,91,100,17.87,light rain
40,Warrington,GB,53.39,-2.58,57.99,87,40,11.41,light rain
41,Tuktoyaktuk,CA,69.45,-133.04,64.4,72,75,4.7,broken clouds
42,Kaseda,JP,31.42,130.32,89.6,59,40,9.17,scattered clouds
43,Chokurdakh,RU,70.63,147.92,38.5,75,100,10.2,overcast clouds
44,Bac Lieu,VN,9.29,105.72,87.06,65,61,7.54,broken clouds
45,Nikolskoye,RU,59.7,30.79,59.0,87,84,4.47,broken clouds
46,Victoria,HK,22.29,114.16,91.0,66,0,4.0,clear sky
47,Atuona,PF,-9.8,-139.03,78.13,78,5,17.05,clear sky
48,Korla,CN,41.76,86.15,85.73,23,11,2.48,few clouds
49,Pangnirtung,CA,66.15,-65.71,45.43,79,100,1.99,overcast clouds
50,Sao Filipe,CV,14.9,-24.5,79.11,86,89,15.23,overcast clouds
51,Butaritari,KI,3.07,172.79,83.3,72,99,11.23,overcast clouds
52,Ohara,JP,35.25,140.38,89.01,66,40,13.87,scattered clouds
53,Misratah,LY,32.38,15.09,80.91,75,90,12.88,overcast clouds
54,Kaitangata,NZ,-46.28,169.85,53.01,85,54,11.01,broken clouds
55,Guerrero Negro,MX,27.98,-114.06,75.13,70,0,18.25,clear sky
56,Port Hardy,CA,50.7,-127.42,60.8,72,75,6.93,broken clouds
57,Jarocin,PL,51.97,17.5,62.01,84,0,7.18,clear sky
58,Pevek,RU,69.7,170.31,37.94,96,100,2.89,light rain
59,Cockburn Town,TC,21.46,-71.14,84.02,83,100,23.67,overcast clouds
60,Upernavik,GL,72.79,-56.15,43.97,80,100,2.53,overcast clouds
61,Hermanus,ZA,-34.42,19.23,55.0,95,100,7.45,overcast clouds
62,Luderitz,NA,-26.65,15.16,55.56,72,0,8.7,clear sky
63,Chandbali,IN,20.78,86.77,83.82,75,100,10.49,light rain
64,Mumford,GH,5.26,-0.76,72.27,93,35,7.7,scattered clouds
65,Tezu,IN,27.92,96.17,87.8,60,80,2.59,light rain
66,Qaanaaq,GL,77.48,-69.36,36.41,89,100,0.81,light rain
67,Avarua,CK,-21.21,-159.78,75.2,64,6,6.93,clear sky
68,Husavik,IS,66.04,-17.34,35.6,93,100,3.36,fog
69,Lucea,JM,18.45,-78.17,82.99,88,75,11.41,thunderstorm
70,Marsa Matruh,EG,31.35,27.25,71.6,78,0,4.7,clear sky
71,Conde,BR,-7.26,-34.91,69.8,94,65,2.24,broken clouds
72,Punta Arenas,CL,-53.15,-70.92,32.0,82,13,10.29,few clouds
73,Nome,US,64.5,-165.41,53.6,76,90,9.17,overcast clouds
74,Wanning,CN,18.8,110.4,88.52,64,82,12.5,broken clouds
75,Bluff,NZ,-46.6,168.33,52.23,84,54,1.81,broken clouds
76,Hilo,US,19.73,-155.09,82.4,69,75,9.17,broken clouds
77,Constitucion,CL,-35.33,-72.42,50.65,82,100,14.23,overcast clouds
78,Kilindoni,TZ,-7.91,39.67,75.97,74,80,7.65,broken clouds
79,Enshi,CN,30.3,109.48,89.06,64,51,1.54,light rain
80,East London,ZA,-33.02,27.91,51.8,87,100,5.82,overcast clouds
81,Naze,JP,28.37,129.48,82.4,88,75,25.28,light rain
82,San Andres,CO,12.58,-81.7,78.8,94,20,2.24,few clouds
83,Airai,TL,-8.93,125.41,76.66,36,0,7.74,clear sky
84,Barcelos,PT,41.54,-8.62,64.99,100,0,3.27,clear sky
85,Busselton,AU,-33.65,115.33,59.0,71,4,1.99,clear sky
86,Saint-Augustin,CA,51.23,-58.65,54.09,81,50,8.39,scattered clouds
87,Halifax,CA,44.65,-63.57,66.0,71,90,1.01,overcast clouds
88,Kaeo,NZ,-35.1,173.78,57.99,3,63,10.0,light rain
89,Linxia,CN,35.6,103.21,71.69,43,0,2.51,clear sky
90,Otane,NZ,-39.88,176.63,51.01,82,100,13.0,light rain
91,Puerto Ayora,EC,-0.74,-90.35,66.0,88,23,1.99,few clouds
92,Lokomotivnyy,RU,53.01,60.57,57.38,73,2,9.46,clear sky
93,Ballina,AU,-28.87,153.57,69.01,38,0,6.93,clear sky
94,Palmer,US,42.16,-72.33,68.0,94,40,3.04,scattered clouds
95,Klaksvik,FO,62.23,-6.59,44.6,93,97,1.12,light rain
96,Carnarvon,AU,-24.87,113.63,71.6,53,0,17.22,clear sky
97,Arman,RU,59.7,150.17,55.51,43,15,7.09,few clouds
98,South Lake Tahoe,US,38.93,-119.98,78.01,38,1,3.06,haze
99,Jamestown,US,42.1,-79.24,68.0,93,1,4.7,clear sky
100,Voyvozh,RU,62.89,54.96,56.55,84,100,5.17,light rain
101,Dvinskoy,RU,62.15,45.12,59.97,92,99,6.35,overcast clouds
102,Lata,PT,40.16,-8.33,66.0,85,7,2.82,clear sky
103,Saskylakh,RU,71.92,114.08,56.3,49,0,13.02,clear sky
104,Ostrovnoy,RU,68.05,39.51,57.2,84,4,19.57,clear sky
105,Baykit,RU,61.67,96.37,66.94,58,12,4.61,light rain
106,Alice Springs,AU,-23.7,133.88,80.6,14,0,11.41,clear sky
107,Litovko,RU,49.24,135.17,69.04,86,100,6.55,light rain
108,Butajira,ET,8.12,38.37,57.0,81,40,3.22,scattered clouds
109,Urumqi,CN,43.8,87.6,82.4,28,87,4.47,overcast clouds
110,Ponta Do Sol,PT,32.67,-17.1,75.2,60,20,19.46,few clouds
111,Alekseyevsk,RU,57.84,108.35,71.17,44,0,5.53,clear sky
112,Omsukchan,RU,62.53,155.8,36.43,88,100,7.58,overcast clouds
113,Belchatow,PL,51.37,19.36,60.01,93,16,1.01,few clouds
114,Saint Anthony,US,45.02,-93.22,78.01,73,1,2.68,clear sky
115,Catalina Foothills,US,32.3,-110.92,98.01,26,1,12.75,clear sky
116,Kavieng,PG,-2.57,150.8,76.6,88,100,4.16,light rain
117,Viedma,AR,-40.81,-63.0,54.0,52,0,5.01,clear sky
118,Elat,IL,29.56,34.95,82.4,61,0,6.93,clear sky
119,Sakaiminato,JP,35.55,133.23,86.0,66,20,10.29,few clouds
120,Kota Belud,MY,6.35,116.43,86.0,79,20,5.82,few clouds
121,Kodiak,US,57.79,-152.41,59.0,82,90,3.36,overcast clouds
122,Cabo San Lucas,MX,22.89,-109.91,84.99,51,5,10.29,clear sky
123,Kerema,PG,-7.96,145.78,77.88,74,99,10.71,overcast clouds
124,Hobart,AU,-42.88,147.33,48.2,70,75,12.75,light intensity shower rain
125,Oshakati,NA,-17.78,15.68,68.0,30,0,4.7,clear sky
126,Srednekolymsk,RU,67.45,153.68,40.8,69,100,11.23,overcast clouds
127,Nelson Bay,AU,-32.72,152.15,62.01,36,0,17.22,clear sky
128,Umm Lajj,SA,25.02,37.27,84.13,44,0,6.69,clear sky
129,Port Elizabeth,ZA,-33.92,25.57,57.2,93,75,8.05,drizzle
130,Tessalit,ML,20.2,1.01,86.11,47,100,9.48,overcast clouds
131,Arraial Do Cabo,BR,-22.97,-42.03,67.01,61,3,8.32,clear sky
132,Aswan,EG,24.09,32.91,80.53,29,0,1.7,clear sky
133,Caravelas,BR,-17.71,-39.25,69.22,79,88,11.34,light rain
134,Cape Town,ZA,-33.93,18.42,57.99,87,20,9.17,few clouds
135,Bengkulu,ID,-3.8,102.27,87.28,57,33,7.9,scattered clouds
136,Zaysan,KZ,47.47,84.87,77.56,23,81,4.79,broken clouds
137,Ampanihy,MG,-24.7,44.75,64.18,72,0,6.82,clear sky
138,Immokalee,US,26.42,-81.42,82.0,83,75,8.05,broken clouds
139,Saint George,US,37.1,-113.58,86.0,37,40,29.97,heavy intensity rain
140,Saint-Philippe,RE,-21.36,55.77,69.8,59,39,8.05,scattered clouds
141,Tuatapere,NZ,-46.13,167.68,53.53,72,9,5.97,clear sky
142,Matara,LK,5.95,80.54,85.26,65,74,6.98,broken clouds
143,Tabuk,PH,17.42,121.44,88.54,61,84,4.27,light rain
144,Kushmurun,KZ,52.45,64.63,59.34,73,0,6.33,clear sky
145,Partapur,IN,23.6,74.17,78.33,91,100,14.29,light rain
146,Yairipok,IN,24.67,94.07,79.95,80,100,0.96,light rain
147,Saint-Raphael,HT,19.43,-72.2,72.82,82,100,3.15,overcast clouds
148,Thunder Bay,CA,48.4,-89.32,64.4,93,75,4.7,broken clouds
149,Fortuna,US,40.6,-124.16,57.99,93,90,4.7,overcast clouds
150,Groningen,NL,53.25,6.75,60.01,93,90,5.82,shower rain
151,Sistranda,NO,63.73,8.83,48.2,81,75,18.34,light intensity shower rain
152,Puerto Escondido,MX,15.85,-97.07,79.05,80,100,4.23,light rain
153,Biak,ID,-0.91,122.88,83.77,63,57,7.16,broken clouds
154,Norman Wells,CA,65.28,-126.83,68.0,45,20,10.29,few clouds
155,Georgetown,MY,5.41,100.34,87.8,74,20,2.24,few clouds
156,Kahului,US,20.89,-156.47,87.8,52,40,24.16,scattered clouds
157,Tasiilaq,GL,65.61,-37.64,35.6,100,4,5.82,fog
158,Coquimbo,CL,-29.95,-71.34,55.4,62,93,3.36,overcast clouds
159,Horsham,GB,51.06,-0.33,57.2,82,40,5.82,scattered clouds
160,Hofn,IS,64.25,-15.21,48.15,85,100,8.21,overcast clouds
161,Sterling,US,39.01,-77.43,79.0,78,75,6.93,broken clouds
162,Nanortalik,GL,60.14,-45.24,42.1,87,30,7.29,scattered clouds
163,Solnechnyy,RU,50.72,136.63,68.56,69,94,3.18,overcast clouds
164,Mar Del Plata,AR,-38.0,-57.56,51.01,87,46,18.34,scattered clouds
165,Lompoc,US,34.64,-120.46,69.01,82,1,5.82,clear sky
166,Asau,RO,46.43,26.4,61.0,95,8,2.3,light rain
167,Nioro,GM,13.35,-15.75,74.41,87,100,2.13,overcast clouds
168,Ridgecrest,US,35.62,-117.67,99.0,25,36,8.97,scattered clouds
169,Westport,US,41.14,-73.36,75.2,88,1,5.12,clear sky
170,Yining,CN,29.04,114.56,94.96,50,1,4.76,light rain
171,Huayang,CN,34.42,109.99,70.2,68,67,9.82,broken clouds
172,Sitka,US,57.05,-135.33,57.2,87,90,4.12,mist
173,Tambopata,PE,-12.73,-69.18,65.7,72,0,0.2,clear sky
174,Talnakh,RU,69.49,88.4,60.8,77,40,20.13,scattered clouds
175,Thinadhoo,MV,0.53,72.93,82.98,71,81,9.06,moderate rain
176,Xining,CN,36.62,101.77,63.84,54,20,0.87,few clouds
177,Longyearbyen,SJ,78.22,15.64,37.63,77,52,4.68,broken clouds
178,Benin,BJ,9.5,2.25,69.69,97,100,4.59,overcast clouds
179,Ughelli,NG,5.49,6.01,73.54,92,100,3.02,overcast clouds
180,Palora,EC,-1.7,-77.93,66.06,91,92,1.36,light rain
181,Bilimbay,RU,56.97,59.81,51.8,100,0,4.72,clear sky
182,Lorengau,PG,-2.02,147.27,75.85,87,100,6.67,moderate rain
183,Guarapari,BR,-20.67,-40.5,66.2,77,75,8.05,broken clouds
184,Faanui,PF,-16.48,-151.75,77.22,80,14,20.85,few clouds
185,Isangel,VU,-19.55,169.27,78.8,94,75,6.11,broken clouds
186,Vao,NC,-22.67,167.48,70.52,70,58,11.39,broken clouds
187,Souillac,MU,-20.52,57.52,71.6,73,75,13.87,shower rain
188,Mehriz,IR,31.59,54.43,82.4,17,0,4.7,clear sky
189,Tautira,PF,-17.73,-149.15,82.4,65,20,6.93,few clouds
190,Sault Sainte Marie,CA,46.52,-84.33,69.8,88,1,1.59,clear sky
191,Opotiki,NZ,-38.08,177.28,59.0,75,100,5.99,moderate rain
192,Mitsamiouli,KM,-11.38,43.28,75.9,69,100,7.36,overcast clouds
193,Kloulklubed,PW,7.04,134.26,87.8,70,75,10.29,broken clouds
194,Da Nang,VN,16.07,108.22,93.2,56,40,3.36,scattered clouds
195,Shurugwi,ZW,-19.67,30.01,49.48,77,5,4.65,clear sky
196,Timberlake,US,37.32,-79.26,75.2,83,1,4.7,clear sky
197,Yumen,CN,40.28,97.2,86.83,12,24,15.03,few clouds
198,Gigmoto,PH,13.78,124.39,89.2,62,37,9.82,scattered clouds
199,Byron Bay,AU,-28.65,153.62,69.01,37,0,6.93,clear sky
200,San Ramon,US,37.78,-121.98,79.0,50,90,5.82,haze
201,Nova Olimpia,BR,-14.8,-57.29,72.14,50,0,2.21,clear sky
202,Moose Factory,CA,51.26,-80.61,46.4,93,75,4.7,broken clouds
203,Itamarandiba,BR,-17.86,-42.86,51.15,95,55,3.49,broken clouds
204,Fare,PF,-16.7,-151.02,77.99,78,15,19.66,few clouds
205,Kuminskiy,RU,58.67,66.57,51.69,94,92,7.09,light rain
206,Tocopilla,CL,-22.09,-70.2,58.33,63,38,2.64,scattered clouds
207,Beringovskiy,RU,63.05,179.32,54.97,77,37,6.38,scattered clouds
208,Karratha,AU,-20.74,116.85,90.37,16,1,6.69,clear sky
209,Eureka,US,40.8,-124.16,57.99,100,2,2.06,clear sky
210,Vilyuysk,RU,63.76,121.62,57.33,44,0,8.52,clear sky
211,Los Llanos De Aridane,ES,28.66,-17.92,78.01,56,1,11.41,clear sky
212,French Harbor,HN,16.35,-86.43,84.52,82,2,14.43,clear sky
213,Lubao,PH,14.92,120.55,90.0,66,74,13.0,broken clouds
214,Grand-Santi,GF,4.25,-54.38,72.01,95,85,1.14,overcast clouds
215,Barceloneta,PR,18.45,-66.54,82.0,91,64,4.0,broken clouds
216,Tay Ninh,VN,11.3,106.1,90.61,55,58,7.87,broken clouds
217,Ahero,KE,-0.17,34.92,67.01,78,97,1.68,overcast clouds
218,Bandarbeyla,SO,9.49,50.81,78.35,65,46,30.22,scattered clouds
219,Bertoua,CM,4.58,13.68,66.54,98,100,2.35,overcast clouds
220,Yarkovo,RU,57.4,67.08,56.07,83,15,8.7,few clouds
221,La Baule-Escoublac,FR,47.29,-2.36,57.2,93,75,5.82,broken clouds
222,Paracuru,BR,-3.41,-39.03,79.0,68,16,21.0,few clouds
223,Sao Felix Do Xingu,BR,-6.64,-51.99,81.59,40,75,2.44,broken clouds
224,Pedro Ii,BR,-4.42,-41.46,67.01,89,86,2.68,overcast clouds
225,Dunedin,NZ,-45.87,170.5,53.01,85,91,1.01,overcast clouds
226,Reitz,ZA,-27.8,28.43,44.71,52,0,5.19,clear sky
227,Coueron,FR,47.22,-1.72,57.0,93,32,2.24,scattered clouds
228,Jackson,US,42.42,-122.83,87.8,20,1,4.7,smoke
229,Camana,PE,-16.62,-72.71,59.77,78,98,4.47,overcast clouds
230,Todos Santos,MX,23.45,-110.22,77.0,95,0,1.61,clear sky
231,Dutlwe,BW,-23.98,23.9,51.42,47,0,8.61,clear sky
232,Muta,SI,46.61,15.17,63.0,98,100,2.93,overcast clouds
233,Acarau,BR,-2.89,-40.12,76.26,82,50,14.38,scattered clouds
234,Ojinaga,MX,29.57,-104.42,89.6,24,1,12.75,clear sky
235,Eten,PE,-6.91,-79.86,59.95,89,0,9.06,clear sky
236,Yulara,AU,-25.24,130.99,82.4,15,0,12.75,clear sky
237,Sendafa,ET,9.15,39.03,55.4,93,75,3.74,broken clouds
238,Qasigiannguit,GL,68.82,-51.19,39.2,80,0,0.83,clear sky
239,Cidreira,BR,-30.18,-50.21,60.33,84,0,14.2,clear sky
240,Richards Bay,ZA,-28.78,32.04,58.95,80,0,3.65,clear sky
241,Kruisfontein,ZA,-34.0,24.73,54.0,90,100,6.13,light rain
242,Olinda,BR,-8.01,-34.86,73.4,83,40,4.7,scattered clouds
243,Vanavara,RU,60.34,102.28,66.22,42,49,7.76,scattered clouds
244,Ust-Tarka,RU,55.57,75.7,60.08,77,74,7.27,broken clouds
245,Nokaneng,BW,-19.67,22.27,57.9,55,0,7.56,clear sky
246,Sidi Ali,DZ,36.1,0.42,68.67,95,0,2.21,clear sky
247,Khatanga,RU,71.97,102.5,67.51,46,96,14.5,overcast clouds
248,Aykhal,RU,66.0,111.5,55.4,47,0,4.47,clear sky
249,Mitu,CO,1.2,-70.17,72.48,79,49,1.9,scattered clouds
250,San Patricio,MX,19.22,-104.7,80.83,82,89,2.06,overcast clouds
251,La Ronge,CA,55.1,-105.28,60.8,72,75,5.82,broken clouds
252,Cherskiy,RU,68.75,161.3,39.4,92,100,8.28,light rain
253,Lubbock,US,33.6,-101.83,82.99,36,1,12.75,clear sky
254,Cardiff,GB,51.48,-3.18,57.2,93,40,3.36,light rain
255,Lagoa,PT,39.05,-27.98,72.77,89,0,18.81,clear sky
256,Nebyliv,UA,48.82,24.22,64.4,100,75,4.47,shower rain
257,Severo-Kurilsk,RU,50.68,156.12,54.28,85,52,5.1,broken clouds
258,Fremont,US,37.55,-121.99,77.0,56,40,10.29,haze
259,Krasnoselkup,RU,65.7,82.47,62.31,61,41,7.94,scattered clouds
260,Benguela,AO,-12.58,13.41,68.0,87,43,1.59,scattered clouds
261,Mahon,ES,39.89,4.27,75.2,57,0,12.75,clear sky
262,Marienburg,PL,54.04,19.03,55.0,100,3,7.67,clear sky
263,Dingle,PH,11.0,122.67,88.3,66,6,4.45,clear sky
264,Parrita,CR,9.52,-84.32,68.0,100,90,5.82,mist
265,Salalah,OM,17.02,54.09,75.2,100,90,6.93,mist
266,Jambi,ID,-1.6,103.62,88.97,57,69,4.65,broken clouds
267,Petropavlovsk-Kamchatskiy,RU,53.05,158.65,68.0,45,1,6.71,clear sky
268,Te Anau,NZ,-45.42,167.72,53.94,68,30,3.18,scattered clouds
269,Katherine,AU,-14.47,132.27,89.6,15,0,16.11,clear sky
270,Avera,US,33.19,-82.53,73.4,87,1,6.93,clear sky
271,Sambava,MG,-14.27,50.17,69.85,76,32,10.65,scattered clouds
272,San Cristobal,VE,7.77,-72.22,66.16,92,95,3.4,light rain
273,Chone,EC,-0.68,-80.1,66.96,89,43,0.83,scattered clouds
274,Pahrump,US,36.21,-115.98,93.0,33,5,1.99,clear sky
275,Balangir,IN,20.72,83.48,83.48,72,98,6.55,overcast clouds
276,Camalu,MX,30.85,-116.07,76.21,67,0,7.29,clear sky
277,Swellendam,ZA,-34.02,20.44,55.4,93,100,1.12,overcast clouds
278,Torbay,CA,47.67,-52.73,60.01,82,5,13.87,clear sky
279,Morro Bay,US,35.37,-120.85,75.99,76,20,7.0,few clouds
280,Bathsheba,BB,13.22,-59.52,77.0,83,75,24.16,light intensity shower rain
281,Kargopol,RU,61.51,38.95,58.24,95,100,5.95,overcast clouds
282,Kununurra,AU,-15.77,128.73,91.4,13,0,9.17,clear sky
283,Zorgo,BF,12.25,-0.62,74.64,87,100,7.78,overcast clouds
284,Shanghai,CN,31.22,121.46,100.99,50,40,4.47,scattered clouds
285,Klyuchi,RU,52.27,79.17,66.11,56,83,2.53,broken clouds
286,Neuquen,AR,-38.95,-68.06,53.6,46,71,2.24,broken clouds
287,Doka,SD,13.52,35.77,67.82,98,100,12.06,moderate rain
288,Faya,SA,18.39,42.45,71.6,52,54,4.7,broken clouds
289,Yar-Sale,RU,66.83,70.83,56.14,82,86,13.24,overcast clouds
290,Golden,US,39.76,-105.22,80.6,24,20,11.41,smoke
291,Mount Gambier,AU,-37.83,140.77,51.8,66,90,5.82,overcast clouds
292,Santa Maria,BR,-29.68,-53.81,53.49,82,0,7.74,clear sky
293,Heihe,CN,50.24,127.49,68.0,82,40,6.71,light intensity shower rain
294,Dalvik,IS,65.97,-18.53,35.6,93,100,3.36,fog
295,Camargo,MX,27.67,-105.17,78.17,31,25,9.73,scattered clouds
296,Khetia,IN,21.67,74.58,75.56,93,100,10.94,moderate rain
297,Chuy,UY,-33.7,-53.46,53.76,90,0,11.43,clear sky
298,Aklavik,CA,68.22,-135.01,69.8,52,75,5.82,broken clouds
299,Inirida,CO,3.87,-67.92,71.82,94,95,1.61,overcast clouds
300,Saint-Denis,FR,48.92,2.33,57.99,82,69,5.82,broken clouds
301,Vardo,NO,70.37,31.11,53.6,93,40,8.05,scattered clouds
302,Verkhnevilyuysk,RU,63.45,120.32,57.52,45,0,6.13,clear sky
303,Serenje,ZM,-13.23,30.24,50.88,91,50,5.68,scattered clouds
304,Abdanan,IR,32.99,47.42,78.31,24,0,2.84,clear sky
305,Maroslele,HU,46.27,20.35,66.0,96,82,5.19,broken clouds
306,East Hemet,US,33.74,-116.94,84.99,51,0,3.02,clear sky
307,Tiksi,RU,71.69,128.87,41.02,70,84,13.27,broken clouds
308,Emerald,AU,-23.53,148.17,73.4,16,0,6.93,clear sky
309,Sorland,NO,67.67,12.69,50.0,76,40,9.17,scattered clouds
310,Cayenne,GF,4.93,-52.33,73.4,100,20,10.83,few clouds
311,Hamilton,US,39.18,-84.53,73.99,94,20,3.11,few clouds
312,Port Lincoln,AU,-34.73,135.87,53.76,67,95,6.53,overcast clouds
313,Iqaluit,CA,63.75,-68.51,41.0,86,75,3.11,broken clouds
314,Tyukhtet,RU,56.54,89.3,57.42,92,99,3.67,overcast clouds
315,Fairbanks,US,64.84,-147.72,68.0,59,90,5.82,light rain
316,Hammerfest,NO,70.66,23.68,50.0,100,75,24.16,light intensity drizzle
317,Sungaipenuh,ID,-2.08,101.38,81.79,53,21,3.09,few clouds
318,Tonekabon,IR,36.82,50.87,68.0,94,90,2.24,overcast clouds
319,Blackwater,AU,-23.58,148.88,71.02,23,0,3.44,clear sky
320,Miandrivazo,MG,-19.52,45.47,70.14,63,0,2.19,clear sky
321,Mehamn,NO,71.04,27.85,55.4,82,75,11.41,broken clouds
322,Lewisporte,CA,49.25,-55.05,57.2,93,75,8.05,broken clouds
323,Milledgeville,US,33.08,-83.23,75.2,94,40,3.49,light rain
324,Sumbe,AO,-11.21,13.84,69.1,87,79,1.7,broken clouds
325,Vestmannaeyjar,IS,63.44,-20.27,51.75,73,45,4.43,scattered clouds
326,Aromashevo,RU,56.86,68.64,55.54,83,66,11.18,broken clouds
327,Paamiut,GL,61.99,-49.67,42.08,91,17,9.15,few clouds
328,Mbanza-Ngungu,CD,-5.25,14.87,67.03,93,36,4.07,scattered clouds
329,Anadyr,RU,64.75,177.48,55.4,76,75,8.95,shower rain
330,Hobyo,SO,5.35,48.53,76.51,75,93,22.03,overcast clouds
331,San Quintin,MX,30.48,-115.95,74.91,73,0,10.42,clear sky
332,Bethel,US,41.37,-73.41,73.4,88,1,3.36,clear sky
333,Riyadh,SA,24.69,46.72,84.2,18,0,6.93,clear sky
334,Waipawa,NZ,-41.41,175.52,59.0,67,28,16.11,scattered clouds
335,Muromtsevo,RU,56.37,75.24,56.34,85,42,6.38,scattered clouds
336,Hambantota,LK,6.12,81.12,86.0,74,20,6.93,few clouds
337,Codrington,AU,-38.27,141.97,51.57,59,33,10.74,scattered clouds
338,Adrar,MR,20.5,-10.07,91.11,32,0,14.07,clear sky
339,Deputatskiy,RU,69.3,139.9,36.03,83,99,6.71,overcast clouds
340,Buckeye,US,33.37,-112.58,105.8,29,1,4.7,clear sky
341,Sinnamary,GF,5.38,-52.95,78.58,88,16,8.7,light rain
342,Nehe,CN,48.48,124.83,64.81,90,100,6.85,overcast clouds
343,Zhanaozen,KZ,43.3,52.8,65.3,58,59,9.35,broken clouds
344,Barrow,US,71.29,-156.79,46.4,75,1,9.17,clear sky
345,Calvinia,ZA,-31.47,19.78,45.59,52,56,1.63,broken clouds
346,Kirovskiy,RU,45.09,133.51,77.83,75,100,5.35,moderate rain
347,Laguna,US,38.42,-121.42,84.0,39,1,9.17,haze
348,Kudligi,IN,14.9,76.38,76.55,78,95,13.31,overcast clouds
349,Arkhara,RU,49.42,130.08,67.53,85,100,7.54,light rain
350,Namibe,AO,-15.2,12.15,63.73,92,96,1.01,overcast clouds
351,Berlevag,NO,70.86,29.09,55.4,82,75,11.41,broken clouds
352,Provideniya,RU,64.38,-173.3,53.6,76,75,8.95,broken clouds
353,Ponta Delgada,PT,37.73,-25.67,69.8,94,20,3.36,few clouds
354,Marsh Harbour,BS,26.54,-77.06,84.88,77,1,25.5,light rain
355,Sao Jose Da Coroa Grande,BR,-8.9,-35.15,72.23,80,100,3.8,overcast clouds
356,Vostok,RU,46.49,135.88,69.55,65,100,3.24,overcast clouds
357,Leicester,GB,52.64,-1.13,55.99,48,31,5.01,scattered clouds
358,Khasan,RU,42.43,130.64,72.77,83,100,10.78,overcast clouds
359,Honningsvag,NO,70.98,25.97,55.4,82,75,11.41,broken clouds
360,Peniche,PT,39.36,-9.38,66.99,93,53,10.69,broken clouds
361,Molteno,ZA,-31.4,26.36,45.39,55,60,8.72,broken clouds
362,Pyaozerskiy,RU,65.83,31.17,54.55,89,9,10.85,clear sky
363,Mahebourg,MU,-20.41,57.7,71.6,73,75,13.87,shower rain
364,Komsomolskiy,UZ,40.43,71.72,78.8,31,0,2.24,clear sky
365,Rio Pomba,BR,-21.27,-43.18,58.05,87,93,2.89,overcast clouds
366,Makakilo City,US,21.35,-158.09,87.8,48,1,9.17,clear sky
367,Huarmey,PE,-10.07,-78.15,59.94,85,17,8.39,few clouds
368,Great Falls,US,47.5,-111.3,77.0,26,1,8.05,clear sky
369,Luan,CH,46.36,6.98,62.6,59,90,4.7,overcast clouds
370,Labuhan,ID,-6.88,112.21,88.2,48,13,15.03,few clouds
371,Kibaya,TZ,-5.3,36.57,56.57,88,84,5.5,broken clouds
372,Saint-Pierre,RE,-21.34,55.48,66.2,59,18,8.05,few clouds
373,Roebourne,AU,-20.78,117.13,90.59,17,6,3.87,clear sky
374,Nam Phong,TH,16.7,102.86,82.4,83,75,3.36,broken clouds
375,Chauk,MM,20.88,94.82,80.49,84,100,16.06,light rain
376,Vallenar,CL,-28.57,-70.76,48.67,82,28,4.29,scattered clouds
377,Novoagansk,RU,61.94,76.66,59.41,73,71,2.44,broken clouds
378,Coolum Beach,AU,-26.53,153.1,71.01,31,0,4.0,clear sky
379,Verkhniye Kigi,RU,55.41,58.6,54.34,88,40,4.38,scattered clouds
380,Ixtapa,MX,20.7,-105.2,84.2,74,75,3.09,broken clouds
381,Arkhipo-Osipovka,RU,44.37,38.52,65.59,54,0,13.15,clear sky
382,Derzhavinsk,KZ,51.1,66.32,61.54,66,100,5.82,overcast clouds
383,Hay River,CA,60.82,-115.8,53.6,93,75,2.24,broken clouds
384,Shingu,JP,33.73,135.98,86.0,79,20,6.93,few clouds
385,Jalor,IN,25.35,72.62,80.33,85,95,9.89,light rain
386,Madang,PG,-5.22,145.8,84.58,70,86,8.12,light rain
387,Clevelandia,BR,-26.4,-52.47,47.66,86,0,8.41,clear sky
388,Urengoy,RU,65.97,78.37,56.01,92,100,4.99,overcast clouds
389,Puerto Del Rosario,ES,28.5,-13.86,78.8,41,0,16.11,clear sky
390,Crotone,IT,39.09,17.12,77.67,71,0,1.95,clear sky
391,Samarai,PG,-10.62,150.67,76.69,79,100,15.66,overcast clouds
392,Vila Franca Do Campo,PT,37.72,-25.43,69.8,94,20,3.36,few clouds
393,Sioux Lookout,CA,50.1,-91.92,68.0,88,20,3.36,few clouds
394,Genhe,CN,50.78,121.52,68.59,66,100,3.67,overcast clouds
395,Meadow Lake,US,34.8,-106.54,84.2,21,75,10.29,broken clouds
396,Zhigansk,RU,66.77,123.37,51.37,53,0,8.81,clear sky
397,Ilo,PE,-17.64,-71.34,58.87,83,100,5.64,overcast clouds
398,Ornskoldsvik,SE,63.29,18.72,48.2,81,100,9.17,light rain
399,Kudahuvadhoo,MV,2.67,72.89,83.07,66,79,3.53,broken clouds
400,Kaura Namoda,NG,12.59,6.58,72.79,90,90,10.71,light rain
401,Houma,US,29.6,-90.72,78.01,94,40,3.36,scattered clouds
402,Knysna,ZA,-34.04,23.05,55.4,100,75,9.17,broken clouds
403,Celestun,MX,20.87,-90.4,77.25,85,100,1.41,overcast clouds
404,Coihaique,CL,-45.58,-72.07,33.8,95,80,4.7,broken clouds
405,Fuxin,CN,42.02,121.66,68.05,89,100,2.15,moderate rain
406,Puerto Madryn,AR,-42.77,-65.04,52.95,48,99,3.67,overcast clouds
407,Matamoros,MX,25.53,-103.25,87.8,27,40,20.8,scattered clouds
408,Jiayuguan,CN,39.82,98.3,83.5,14,0,9.15,clear sky
409,Jiupu,CN,41.07,122.95,73.85,92,100,11.61,heavy intensity rain
410,Taltal,CL,-25.4,-70.48,50.79,76,10,0.51,clear sky
411,Lashio,MM,22.93,97.75,77.95,80,91,3.74,light rain
412,Shakawe,BW,-18.37,21.85,55.63,59,0,4.76,clear sky
413,Iwanai,JP,42.97,140.51,82.85,51,33,2.39,scattered clouds
414,Aginskoye,RU,51.1,114.53,61.34,81,98,5.37,moderate rain
415,Kisangani,CD,0.52,25.2,69.96,94,100,1.32,overcast clouds
416,Pokhara,NP,28.23,83.98,80.67,67,64,4.03,broken clouds
417,Zyryanka,RU,65.75,150.85,45.91,57,99,8.55,overcast clouds
418,Borogontsy,RU,62.67,131.17,45.79,78,100,7.7,light rain
419,Mantua,IT,45.17,10.78,66.99,93,95,3.47,overcast clouds
420,Hongjiang,CN,27.11,110.0,92.34,53,1,8.41,clear sky
421,Pisco,PE,-13.7,-76.22,61.0,87,90,10.29,overcast clouds
422,Sukhumi,GE,43.0,41.02,67.42,55,0,8.32,clear sky
423,Bethanien,NA,-26.5,17.16,53.08,38,0,3.94,clear sky
424,Marzuq,YE,14.4,46.47,78.89,60,100,8.61,overcast clouds
425,Mananjary,MG,-21.22,48.33,64.29,86,1,4.43,clear sky
426,Port-Gentil,GA,-0.72,8.78,74.79,79,100,12.06,overcast clouds
427,Oktyabrskoye,RU,43.06,44.74,46.4,100,0,6.71,clear sky
428,Arlit,NE,18.74,7.39,87.73,41,99,9.84,overcast clouds
429,Weiser,US,44.25,-116.97,78.8,57,1,1.25,haze
430,Ketchikan,US,55.34,-131.65,57.2,100,90,4.43,light rain
431,Ngudu,TZ,-2.97,33.33,63.79,67,80,6.15,broken clouds
432,Comodoro Rivadavia,AR,-45.87,-67.5,42.8,81,75,1.12,broken clouds
433,Mount Isa,AU,-20.73,139.5,78.8,12,0,9.17,clear sky
434,Neiafu,TO,-18.65,-173.98,80.6,74,20,12.75,few clouds
435,Myronivka,UA,49.66,30.98,61.54,51,0,8.25,clear sky
436,Margate,GB,51.38,1.39,60.01,58,89,4.0,overcast clouds
437,Peyima,SL,8.7,-11.03,70.18,99,100,2.35,moderate rain
438,Royan,FR,45.63,-1.03,62.6,100,20,1.12,few clouds
439,Mayskiy,RU,47.69,40.1,51.8,57,0,2.24,clear sky
440,Omboue,GA,-1.57,9.26,72.75,82,100,4.79,overcast clouds
441,Semnan,IR,35.57,53.4,77.0,29,0,2.24,clear sky
442,Limbang,MY,4.75,115.0,86.0,74,75,5.82,broken clouds
443,Camacha,PT,33.08,-16.33,71.6,88,40,13.87,scattered clouds
444,Dijkot,PK,31.22,72.98,92.28,53,0,9.93,clear sky
445,Leningradskiy,RU,69.38,178.42,44.62,87,99,10.29,overcast clouds
446,Chapais,CA,49.78,-74.85,50.0,87,1,4.7,clear sky
447,Alakurtti,RU,66.97,30.35,54.0,89,39,5.99,scattered clouds
448,Bilibino,RU,68.05,166.44,40.24,88,100,4.68,overcast clouds
449,Mayya,RU,61.73,130.28,57.2,44,100,8.95,overcast clouds
450,Fort Abbas,PK,29.19,72.85,92.86,52,0,11.88,clear sky
451,Tomatlan,MX,19.93,-105.25,78.17,93,100,2.28,light rain
452,Yarensk,RU,62.17,49.09,58.5,94,100,5.77,overcast clouds
453,Hualmay,PE,-11.1,-77.61,59.5,84,20,7.47,few clouds
454,Lavrentiya,RU,65.58,-171.0,48.65,91,100,5.61,overcast clouds
455,Ikom,NG,5.97,8.71,71.11,97,100,4.45,heavy intensity rain
456,College,US,64.86,-147.8,68.0,56,75,4.7,shower rain
457,Tansen,NP,27.87,83.55,75.94,77,41,3.13,scattered clouds
458,Nadvoitsy,RU,63.87,34.32,56.14,89,25,7.58,scattered clouds
459,Mandurah,AU,-32.55,115.7,66.99,59,40,5.82,scattered clouds
460,Rudnogorsk,RU,57.26,103.75,68.5,56,95,3.85,light rain
461,Castle Rock,US,39.37,-104.86,75.0,29,29,1.01,scattered clouds
462,Senno,RU,59.53,33.92,60.01,94,100,1.01,light rain
463,Nautla,MX,20.22,-96.78,78.62,83,2,5.66,clear sky
464,Salinas,US,36.68,-121.66,66.2,77,20,8.05,few clouds
465,Mandan,US,46.83,-100.89,71.6,82,90,13.87,thunderstorm
466,Chimore,BO,-16.98,-65.13,62.58,72,0,2.82,clear sky
467,Abu Dhabi,AE,24.47,54.37,93.2,52,15,5.82,few clouds
468,Voh,NC,-20.97,164.7,75.9,60,49,9.22,scattered clouds
469,Terney,RU,45.05,136.61,70.92,66,94,5.21,overcast clouds
470,Gizo,SB,-8.1,156.84,82.92,75,100,9.22,light rain
471,Ngunguru,NZ,-35.62,174.5,57.99,3,95,10.0,light rain
472,Gondanglegi,ID,-7.75,112.01,88.39,47,46,6.31,scattered clouds
473,Tambura,SS,5.6,27.47,65.12,98,99,4.21,overcast clouds
474,Dawei,MM,14.08,98.2,83.19,75,43,4.81,scattered clouds
475,Ahuimanu,US,21.44,-157.84,87.8,66,1,10.29,clear sky
476,Bereda,ES,43.27,-7.54,57.99,100,39,4.14,scattered clouds
477,Yuzhno-Kurilsk,RU,44.03,145.86,66.76,79,31,7.34,scattered clouds
478,Yabrud,SY,33.97,36.66,62.6,67,0,2.04,clear sky
479,Bud,US,39.45,-86.18,73.99,88,1,4.88,clear sky
480,Eyl,SO,7.98,49.82,78.94,56,78,23.67,broken clouds
481,Oistins,BB,13.07,-59.53,77.0,83,75,24.16,light intensity shower rain
482,Tahe,CN,52.33,124.73,66.63,86,100,4.7,moderate rain
483,Ziway,ET,7.93,38.72,62.38,82,21,9.08,few clouds
484,Port Keats,AU,-14.25,129.55,92.44,19,0,1.88,clear sky
485,Sola,VU,-13.88,167.55,81.75,80,17,8.81,light rain
486,Kovur,IN,14.48,79.98,88.81,55,100,10.09,overcast clouds
487,Simonesti,RO,46.33,25.1,66.2,93,6,2.24,light rain
488,Sun City West,US,33.66,-112.34,104.0,21,1,3.36,clear sky
489,Bay Roberts,CA,47.6,-53.26,57.99,100,19,1.01,few clouds
490,Chaman,PK,30.92,66.45,86.67,40,0,11.77,clear sky
491,Nkowakowa,ZA,-23.89,30.29,50.0,57,0,4.7,clear sky
492,Cuamba,MZ,-14.8,36.54,57.24,88,98,1.95,overcast clouds
493,Aljezur,PT,37.32,-8.8,59.0,95,0,9.1,clear sky
494,Novyy Urgal,RU,51.07,132.56,69.28,81,100,3.06,moderate rain
495,Flinders,AU,-34.58,150.86,62.01,45,0,5.99,clear sky
496,Ghanzi,BW,-21.57,21.78,55.8,57,0,8.86,clear sky
497,Hami,CN,42.8,93.45,85.77,19,22,4.54,few clouds
498,Moron,AR,-34.65,-58.62,62.6,55,0,10.29,clear sky
499,Bow Island,CA,49.87,-111.37,73.4,27,20,8.05,few clouds
500,Auray,FR,47.67,-2.99,59.0,100,0,3.36,mist
501,Hervey Bay,AU,-25.3,152.85,71.6,17,0,11.41,clear sky
502,Nishihara,JP,26.18,127.76,80.6,94,90,29.89,light intensity shower rain
503,Padang,ID,-0.95,100.35,86.85,61,50,3.53,scattered clouds
504,Ushibuka,JP,32.19,130.02,86.41,65,18,3.31,few clouds
505,Sudbury,CA,46.49,-80.99,68.0,100,90,4.7,light intensity shower rain
506,Vitim,RU,59.45,112.56,72.14,38,0,6.33,clear sky
507,Gushikawa,JP,26.35,127.87,80.6,88,75,34.45,heavy intensity rain
508,Salmon Creek,US,45.71,-122.65,77.0,44,1,8.05,clear sky
509,Santiago Del Estero,AR,-27.8,-64.26,62.89,46,0,15.75,clear sky
510,Qaqortoq,GL,60.72,-46.03,42.8,81,8,3.36,clear sky
511,Yerbogachen,RU,61.28,108.01,62.98,38,43,10.71,scattered clouds
512,Mackay,AU,-21.15,149.2,75.0,40,39,17.22,scattered clouds
513,Barstow,US,34.9,-117.02,98.6,20,1,17.22,clear sky
514,Glowno,PL,51.96,19.72,61.0,93,2,2.24,clear sky
515,Gamba,GA,-2.65,10.0,72.52,85,100,5.17,overcast clouds
516,Yelizovo,RU,53.19,158.38,68.0,45,6,6.71,clear sky
517,Gat,IL,31.61,34.76,75.99,30,0,2.46,clear sky
518,Uvat,RU,59.14,68.9,53.94,95,100,7.94,overcast clouds
519,Abha,SA,18.22,42.51,71.6,52,63,4.7,broken clouds
520,Mabaruma,GY,8.2,-59.78,75.0,90,99,1.74,overcast clouds
521,Russell,US,32.35,-85.2,75.2,94,1,4.7,clear sky
522,Egvekinot,RU,66.32,-179.17,51.42,76,71,5.41,broken clouds
523,Jalu,LY,29.03,21.55,73.31,56,0,8.14,clear sky
524,Belmonte,BR,-15.86,-38.88,66.2,88,75,8.05,broken clouds
525,Xinmin,CN,41.99,122.83,71.6,100,90,8.95,light rain
526,Kijang,KR,35.24,129.21,89.6,49,20,8.05,few clouds
527,Sarh,TD,9.14,18.39,73.4,94,75,3.53,light rain
528,Kodinsk,RU,58.69,99.18,70.88,48,0,3.4,clear sky
529,Pontianak,ID,-0.03,109.33,91.4,58,99,1.23,overcast clouds
530,San Jose,US,37.34,-121.89,75.99,64,90,10.29,smoke
531,Torit,SS,4.41,32.57,68.25,94,71,1.14,moderate rain
532,Sur,OM,22.57,59.53,80.76,74,64,11.01,broken clouds
533,Whitehorse,CA,60.72,-135.05,60.8,72,75,6.93,shower rain
534,North Bend,US,43.41,-124.22,64.0,87,40,12.75,scattered clouds
535,Port Hedland,AU,-20.32,118.57,95.0,31,13,8.05,few clouds
536,Touros,BR,-5.2,-35.46,69.8,100,20,3.36,few clouds
537,Port Moresby,PG,-9.44,147.18,80.6,65,75,11.41,haze
538,Amapa,BR,1.0,-52.0,70.3,99,46,1.59,scattered clouds
539,Kupang,ID,-10.17,123.58,91.4,31,20,16.11,few clouds
540,Jiangyou,CN,31.77,104.72,83.66,64,89,4.76,overcast clouds
541,Saint-Francois,FR,46.42,3.91,57.2,82,80,1.12,broken clouds
542,Lakeside,US,30.13,-81.77,81.0,94,40,8.05,scattered clouds
543,Dudinka,RU,69.41,86.18,60.8,77,40,20.13,scattered clouds
544,Jacqueville,CI,5.21,-4.41,75.2,94,20,3.36,few clouds
545,Teguise,ES,29.06,-13.56,73.4,78,0,27.51,clear sky
546,Phan Thiet,VN,10.93,108.1,89.11,61,40,9.53,scattered clouds
547,Okato,NZ,-39.2,173.88,54.0,72,79,5.99,light rain
548,Yashkino,RU,55.87,85.43,55.4,93,40,6.71,scattered clouds
549,Ilulissat,GL,69.22,-51.1,39.2,80,0,4.41,clear sky
550,Shihezi,CN,44.3,86.03,84.51,18,71,3.02,broken clouds
551,Wheeling,US,42.14,-87.93,75.0,94,1,3.76,clear sky
552,Mitzic,GA,0.78,11.55,66.96,98,100,2.64,overcast clouds
553,Challapata,BO,-18.9,-66.77,38.82,65,0,1.7,clear sky
554,Arraias,BR,-12.93,-46.94,71.62,56,21,4.32,few clouds
555,Inhambane,MZ,-23.86,35.38,63.28,79,0,7.76,clear sky
556,Hede,CN,33.77,120.25,88.03,71,40,10.22,scattered clouds
557,Farafangana,MG,-22.82,47.83,65.34,87,11,7.9,few clouds
558,Sloboda,RU,51.14,40.3,60.13,57,28,4.47,scattered clouds
559,Finote Selam,ET,10.7,37.27,57.92,94,100,1.95,light rain
560,Buala,SB,-8.14,159.59,84.61,71,58,6.13,light rain
561,Baraut,IN,29.1,77.27,82.4,88,75,6.93,mist
562,Islahiye,TR,37.02,36.63,72.0,45,0,6.93,clear sky
563,Contramaestre,CU,20.3,-76.24,77.0,100,90,13.87,light rain
564,Iracoubo,GF,5.48,-53.2,78.28,89,28,8.66,light rain
565,Guiratinga,BR,-16.35,-53.76,70.59,52,0,4.29,clear sky
566,Pedernales,DO,18.04,-71.74,81.86,71,98,7.11,overcast clouds
567,Kingsport,US,36.55,-82.56,72.0,83,75,3.49,broken clouds
568,Warmbad,NA,-28.45,18.73,56.89,34,0,3.98,clear sky
569,Bulawayo,ZW,-20.15,28.58,52.39,76,17,3.76,few clouds
570,Maryville,US,35.76,-83.97,75.99,78,75,2.91,broken clouds
571,Niquelandia,BR,-14.47,-48.46,70.63,58,55,3.96,broken clouds
572,Salinopolis,BR,-0.61,-47.36,79.02,84,6,11.45,clear sky
573,Bellevue,US,47.61,-122.2,69.01,49,40,8.05,scattered clouds
574,Harper,LR,4.38,-7.72,75.65,82,100,7.09,overcast clouds
575,Tabas,IR,33.6,56.92,87.8,16,0,2.24,clear sky
576,Maraa,BR,-1.83,-65.37,71.92,69,0,2.1,clear sky
577,Amga,RU,60.9,131.96,61.86,37,95,5.28,overcast clouds
578,Roald,NO,62.58,6.13,48.2,76,86,13.87,light rain
579,Inowroclaw,PL,52.8,18.26,57.99,87,0,6.93,clear sky
580,Chifeng,CN,42.27,118.96,77.0,54,99,5.48,overcast clouds
581,Sulina,RO,45.16,29.65,69.46,73,0,1.36,clear sky
582,Chara,RU,56.91,118.26,61.92,59,99,3.87,light rain
583,Bilma,NE,18.69,12.92,88.88,41,70,10.47,broken clouds
584,Aksarka,RU,66.56,67.8,51.76,86,97,8.81,overcast clouds
585,Saldanha,ZA,-33.01,17.94,50.0,93,91,5.82,overcast clouds
586,Vila Velha,BR,-20.33,-40.29,66.2,77,75,8.05,broken clouds
587,Port Macquarie,AU,-31.43,152.92,68.0,34,0,8.68,clear sky
588,Antsohihy,MG,-14.88,47.99,70.11,63,68,7.18,broken clouds
589,Pundaguitan,PH,6.37,126.17,83.68,70,76,2.82,broken clouds
590,Karpogory,RU,64.0,44.45,59.43,93,100,7.2,overcast clouds
591,Cartagena,CO,10.4,-75.51,81.0,79,62,4.72,broken clouds
592,Yaan,NG,7.38,8.57,70.86,97,100,6.04,light rain
593,Gazanjyk,TM,39.24,55.52,75.2,39,81,5.17,broken clouds
594,Humboldt,US,40.67,-123.92,57.99,93,90,4.7,overcast clouds
595,Embonas,GR,36.23,27.86,77.0,83,0,9.17,clear sky
596,Ardakan,IR,32.31,54.02,82.4,17,0,4.7,clear sky
597,Winslow,US,35.02,-110.7,84.2,25,1,8.05,clear sky
598,Kawalu,ID,-7.38,108.21,77.94,76,100,3.49,light rain
599,Aberdeen,GB,57.14,-2.1,50.0,87,75,8.05,broken clouds
600,Lima,PE,-12.04,-77.03,62.6,67,90,10.29,overcast clouds
601,Mildura,AU,-34.2,142.15,53.6,54,90,6.93,overcast clouds
602,Goderich,CA,43.75,-81.72,79.0,70,0,3.0,clear sky
603,Seddon,AU,-37.81,144.89,54.0,62,90,11.41,overcast clouds
604,Vigia Del Fuerte,CO,6.58,-76.89,74.28,94,99,1.81,overcast clouds
605,Mubi,NG,10.27,13.26,67.24,91,100,3.29,overcast clouds
606,Meulaboh,ID,4.14,96.13,85.82,68,9,5.66,clear sky
607,Natal,BR,-5.79,-35.21,73.4,88,20,6.93,few clouds
608,Tura,IN,25.52,90.22,82.63,85,63,3.11,moderate rain
609,Champerico,GT,14.3,-91.92,79.09,86,100,4.88,moderate rain
610,Bayburt,TR,40.26,40.23,50.16,70,0,1.03,clear sky
611,Shimoda,JP,34.67,138.95,84.2,70,20,13.87,few clouds
612,Axim,GH,4.87,-2.24,73.36,88,37,9.51,scattered clouds
613,Bosaso,SO,11.28,49.18,89.83,43,68,19.66,broken clouds
614,Lipari,IT,38.47,14.95,78.01,77,42,1.01,scattered clouds
615,Sri Aman,MY,1.24,111.46,86.0,74,40,2.24,scattered clouds
616,Hirara,JP,24.8,125.28,84.2,83,75,14.99,shower rain
617,Barabai,ID,-2.58,115.38,94.73,37,0,1.39,clear sky
618,Aksu,CN,41.12,80.26,87.42,21,0,3.02,clear sky
619,Cap Malheureux,MU,-19.98,57.61,72.0,72,41,8.99,scattered clouds
620,Rio Gallegos,AR,-51.62,-69.22,32.0,88,8,10.29,clear sky
621,Bonavista,CA,48.65,-53.11,60.01,83,82,10.0,broken clouds
622,Menongue,AO,-14.66,17.69,53.29,45,8,4.9,clear sky
623,Alofi,NU,-19.06,-169.92,78.8,74,75,17.22,broken clouds
624,Quatre Cocos,MU,-20.21,57.76,72.0,73,75,13.87,shower rain
625,Ambilobe,MG,-13.2,49.05,68.99,66,59,3.24,broken clouds
626,Nabire,ID,-3.37,135.48,82.6,74,86,8.86,light rain
627,Innisfail,AU,-17.53,146.03,78.01,35,7,5.99,clear sky
628,Latehar,IN,23.75,84.5,84.87,68,17,6.69,few clouds
629,Bakel,SN,14.9,-12.46,79.02,85,99,7.87,light rain
630,Oranjemund,NA,-28.55,16.43,50.95,94,3,4.7,clear sky
631,Payakumbuh,ID,-0.22,100.63,83.86,59,26,4.83,scattered clouds
632,Port Blair,IN,11.67,92.75,84.97,74,70,11.12,broken clouds
633,Dobrokoz,HU,46.42,18.24,68.0,65,69,4.0,broken clouds
634,Saumur,FR,47.33,-0.25,54.0,93,76,2.01,broken clouds
635,Shu,KZ,43.6,73.76,86.7,18,96,9.31,overcast clouds
636,La Mana,EC,-0.93,-79.22,73.81,66,82,1.43,broken clouds
637,Tonj,SS,7.27,28.68,69.55,95,100,2.84,overcast clouds
638,Vanimo,PG,-2.67,141.3,78.28,86,98,7.99,light rain
639,Kitimat,CA,54.05,-128.65,57.0,90,86,2.48,light rain
640,Leshukonskoye,RU,64.9,45.76,59.05,94,98,5.95,overcast clouds
641,Geraldton,AU,-28.77,114.6,64.4,63,6,8.05,clear sky
642,Atherton,GB,53.52,-2.49,57.99,86,95,4.0,overcast clouds
643,Mbala,ZM,-8.84,31.37,55.02,84,37,9.04,scattered clouds
644,Esfahan,IR,32.66,51.68,59.0,26,0,4.7,clear sky
645,Stadskanaal,NL,52.98,6.95,60.01,92,100,1.99,overcast clouds
646,Dombarovskiy,RU,50.76,59.54,61.07,65,0,11.41,clear sky
647,Honiara,SB,-9.43,159.95,87.8,70,75,6.93,shower rain
648,Nanchang,CN,28.68,115.88,95.88,52,0,9.64,clear sky
649,Carutapera,BR,-1.2,-46.02,75.94,90,16,5.64,few clouds
650,Damoh,IN,23.83,79.45,78.98,84,74,13.0,broken clouds
651,Presidencia Roque Saenz Pena,AR,-26.79,-60.44,66.25,48,99,7.63,overcast clouds
652,Daru,PG,-9.08,143.21,79.93,65,87,13.49,overcast clouds
653,Khawhai,IN,23.37,93.12,74.43,91,25,1.21,moderate rain
654,Mosquera,CO,4.71,-74.23,53.6,87,40,5.82,scattered clouds
655,Yeppoon,AU,-23.13,150.73,75.2,15,4,8.05,clear sky
656,Kavaratti,IN,10.57,72.64,81.7,78,99,14.05,overcast clouds
657,Priladozhskiy,RU,59.85,31.48,57.99,98,99,8.21,overcast clouds
658,Aleksandrovsk-Sakhalinskiy,RU,50.9,142.16,62.51,87,96,1.72,light rain
659,Douglas,US,41.3,-96.17,82.4,74,1,7.61,clear sky
660,Nuevitas,CU,21.55,-77.26,80.6,83,75,26.4,broken clouds
661,Kabompo,ZM,-13.59,24.2,52.79,66,19,5.46,few clouds
662,Aksum,ET,14.12,38.72,59.23,97,99,3.67,light rain
663,Pangkalanbuun,ID,-2.68,111.62,89.35,58,31,4.47,light rain
664,Lagunas,PE,-5.23,-75.68,69.35,84,0,1.72,clear sky
665,Takoradi,GH,4.88,-1.76,72.86,90,32,8.79,scattered clouds
666,Longyan,CN,25.11,117.02,92.5,51,15,3.42,few clouds
667,Marrakesh,MA,31.63,-8.01,80.6,36,40,2.24,scattered clouds
668,Svetlogorsk,BY,52.63,29.73,62.91,97,100,4.03,overcast clouds
669,Tsiroanomandidy,MG,-18.77,46.03,56.71,68,80,3.27,broken clouds
670,Sotouboua,TG,8.57,0.98,68.04,95,100,0.81,overcast clouds
671,Micoud,LC,13.82,-60.9,78.8,88,75,5.82,broken clouds
672,Dhupgari,IN,26.59,89.01,88.0,68,15,4.34,light rain
673,Gannan,CN,47.91,123.5,74.26,73,87,6.11,light rain
674,Phalodi,IN,27.13,72.37,91.87,52,27,7.92,scattered clouds
675,Kantemirovka,RU,49.71,39.86,62.96,53,3,2.89,clear sky
676,Katsuura,JP,35.13,140.3,91.0,66,40,10.29,scattered clouds
677,Cosala,MX,24.41,-106.69,84.99,87,8,3.0,light rain
678,Grants,US,35.15,-107.85,75.2,23,1,14.27,clear sky
679,Evensk,RU,61.95,159.23,52.52,49,100,4.68,overcast clouds
680,Broken Hill,AU,-31.95,141.43,53.6,46,90,5.82,overcast clouds
681,Panguna,PG,-6.32,155.48,77.02,78,100,2.93,light rain
682,Savalou,BJ,7.93,1.98,70.29,89,96,4.88,overcast clouds
683,Vila,PT,42.03,-8.16,59.0,88,0,1.01,clear sky
684,Beachwood,US,41.46,-81.51,75.99,83,5,4.7,clear sky
685,Stillwater,US,36.12,-97.06,80.6,51,1,5.82,clear sky
